Date,High,Low,Open,Close,Volume,Adj Close,Name
2020-01-02,74.69999694824219,73.52999877929688,74.6500015258789,74.16000366210938,5022700.0,69.72560119628906,CVS
2020-01-03,74.05999755859375,73.06999969482422,73.22000122070312,73.56999969482422,4453000.0,69.17088317871094,CVS
2020-01-06,73.94000244140625,73.05999755859375,73.12000274658203,73.86000061035156,4620700.0,69.44355773925781,CVS
2020-01-07,73.66999816894531,72.66000366210938,73.61000061035156,73.58000183105469,6172300.0,69.18029022216797,CVS
2020-01-08,73.08999633789062,71.5999984741211,72.5,72.66000366210938,8311200.0,68.3153076171875,CVS
2020-01-09,73.26000213623047,72.66999816894531,73.0,72.86000061035156,5426200.0,68.50333404541016,CVS
2020-01-10,73.36000061035156,71.81999969482422,73.30999755859375,72.11000061035156,5198600.0,67.7981948852539,CVS
2020-01-13,72.98999786376953,71.62999725341797,72.29000091552734,72.76000213623047,6654600.0,68.40933227539062,CVS
2020-01-14,73.93000030517578,72.5199966430664,72.52999877929688,73.83000183105469,6484200.0,69.41534423828125,CVS
2020-01-15,75.62000274658203,73.94000244140625,73.98999786376953,75.2699966430664,8102800.0,70.76922607421875,CVS
2020-01-16,76.16999816894531,75.27999877929688,75.62999725341797,76.05000305175781,6902300.0,71.50260162353516,CVS
2020-01-17,76.44000244140625,75.83000183105469,76.11000061035156,76.0199966430664,5500400.0,71.47438049316406,CVS
2020-01-21,76.01000213623047,74.3499984741211,76.0,74.58999633789062,8662800.0,70.12989044189453,CVS
2020-01-22,74.62000274658203,73.91000366210938,74.16000366210938,74.01000213623047,4201400.0,70.0541763305664,CVS
2020-01-23,73.87999725341797,72.4800033569336,73.76000213623047,73.52999877929688,8602500.0,69.59982299804688,CVS
2020-01-24,73.6500015258789,70.16999816894531,73.63999938964844,71.43000030517578,10126000.0,67.61207580566406,CVS
2020-01-27,71.20999908447266,69.36000061035156,69.9000015258789,70.97000122070312,6403300.0,67.17666625976562,CVS
2020-01-28,72.13999938964844,71.12000274658203,71.25,71.81999969482422,5039100.0,67.98123168945312,CVS
2020-01-29,72.11000061035156,70.44999694824219,72.11000061035156,70.55000305175781,6285200.0,66.77910614013672,CVS
2020-01-30,70.20999908447266,68.37999725341797,70.08999633789062,69.70999908447266,8430500.0,65.9840087890625,CVS
2020-01-31,69.3499984741211,67.4000015258789,69.3499984741211,67.81999969482422,9869700.0,64.19503021240234,CVS
2020-02-03,68.61000061035156,66.79000091552734,68.4000015258789,66.93000030517578,7694600.0,63.352596282958984,CVS
2020-02-04,68.45999908447266,67.30000305175781,67.30999755859375,67.87999725341797,7525100.0,64.25181579589844,CVS
2020-02-05,70.77999877929688,68.55999755859375,68.77999877929688,70.54000091552734,6609800.0,66.76963806152344,CVS
2020-02-06,71.58999633789062,70.41000366210938,71.0,70.83999633789062,6514400.0,67.0536117553711,CVS
2020-02-07,72.08999633789062,71.0,71.05000305175781,71.55999755859375,6611300.0,67.7351303100586,CVS
2020-02-10,73.33000183105469,71.26000213623047,71.55000305175781,73.25,8760200.0,69.33479309082031,CVS
2020-02-11,74.12999725341797,73.43000030517578,73.80999755859375,73.8499984741211,7933600.0,69.9027328491211,CVS
2020-02-12,75.25,72.63999938964844,74.68000030517578,73.75,13500800.0,69.80806732177734,CVS
2020-02-13,74.0999984741211,71.94000244140625,73.44999694824219,72.0,8553900.0,68.15160369873047,CVS
2020-02-14,72.02999877929688,70.2699966430664,71.9800033569336,71.37000274658203,7655100.0,67.55528259277344,CVS
2020-02-18,72.0,70.9000015258789,71.19000244140625,72.0,4844000.0,68.15160369873047,CVS
2020-02-19,72.55999755859375,71.66000366210938,72.30999755859375,71.77999877929688,4831600.0,67.943359375,CVS
2020-02-20,72.2300033569336,70.55999755859375,71.5,71.94000244140625,5719300.0,68.09481811523438,CVS
2020-02-21,71.80000305175781,71.01000213623047,71.55000305175781,71.51000213623047,5186200.0,67.68778991699219,CVS
2020-02-24,69.94000244140625,67.72000122070312,69.43000030517578,67.91999816894531,9637600.0,64.28968048095703,CVS
2020-02-25,68.37000274658203,64.08999633789062,68.23999786376953,64.33000183105469,15062300.0,60.891571044921875,CVS
2020-02-26,65.19999694824219,62.54999923706055,64.6500015258789,62.650001525878906,16872600.0,59.30136489868164,CVS
2020-02-27,61.5,59.33000183105469,61.5,59.33000183105469,22059900.0,56.15882110595703,CVS
2020-02-28,59.34000015258789,57.099998474121094,57.290000915527344,59.18000030517578,23726000.0,56.0168342590332,CVS
2020-03-02,64.06999969482422,59.86000061035156,60.66999816894531,64.02999877929688,15909500.0,60.607601165771484,CVS
2020-03-03,65.6500015258789,61.36000061035156,64.56999969482422,62.540000915527344,14989700.0,59.197242736816406,CVS
2020-03-04,66.9800033569336,64.83000183105469,66.5999984741211,66.04000091552734,14690700.0,62.51016616821289,CVS
2020-03-05,65.44000244140625,63.630001068115234,63.939998626708984,64.36000061035156,8581800.0,60.91996765136719,CVS
2020-03-06,65.08999633789062,62.20000076293945,62.56999969482422,64.1500015258789,11683300.0,60.72119140625,CVS
2020-03-09,63.150001525878906,59.599998474121094,59.75,61.29999923706055,13484500.0,58.023521423339844,CVS
2020-03-10,63.36000061035156,59.060001373291016,62.7599983215332,62.599998474121094,13274300.0,59.254032135009766,CVS
2020-03-11,63.0,59.97999954223633,61.220001220703125,61.310001373291016,12099100.0,58.03299331665039,CVS
2020-03-12,57.97999954223633,53.5,57.130001068115234,54.599998474121094,16856700.0,51.68163299560547,CVS
2020-03-13,59.79999923706055,54.459999084472656,57.459999084472656,59.63999938964844,15473500.0,56.45224380493164,CVS
2020-03-16,56.88999938964844,52.209999084472656,53.68000030517578,52.29999923706055,13566000.0,49.50456237792969,CVS
2020-03-17,59.25,52.63999938964844,53.630001068115234,58.0,15473700.0,54.89990234375,CVS
2020-03-18,59.63999938964844,53.060001373291016,54.349998474121094,57.18000030517578,17953700.0,54.12373733520508,CVS
2020-03-19,59.11000061035156,54.13999938964844,56.79999923706055,55.380001068115234,16247100.0,52.419944763183594,CVS
2020-03-20,56.779998779296875,53.529998779296875,55.810001373291016,54.70000076293945,15682300.0,51.77629470825195,CVS
2020-03-23,54.970001220703125,52.040000915527344,53.86000061035156,53.09000015258789,16336800.0,50.25234603881836,CVS
2020-03-24,55.63999938964844,52.86000061035156,55.130001068115234,54.349998474121094,19331500.0,51.44499206542969,CVS
2020-03-25,57.529998779296875,52.709999084472656,54.400001525878906,53.63999938964844,19601500.0,50.77294921875,CVS
2020-03-26,58.45000076293945,52.279998779296875,53.650001525878906,58.310001373291016,23189500.0,55.19334411621094,CVS
2020-03-27,59.779998779296875,55.81999969482422,56.75,58.599998474121094,15034000.0,55.467830657958984,CVS
2020-03-30,60.400001525878906,57.779998779296875,58.91999816894531,59.68000030517578,12939200.0,56.490108489990234,CVS
2020-03-31,59.84000015258789,58.18000030517578,59.18000030517578,59.33000183105469,11018700.0,56.15882110595703,CVS
2020-04-01,58.869998931884766,57.20000076293945,57.75,58.34000015258789,11474400.0,55.22173309326172,CVS
2020-04-02,56.97999954223633,54.06999969482422,56.77000045776367,55.40999984741211,16796400.0,52.448341369628906,CVS
2020-04-03,56.599998474121094,54.349998474121094,55.220001220703125,55.720001220703125,8793000.0,52.74176788330078,CVS
2020-04-06,57.91999816894531,55.779998779296875,57.77000045776367,56.220001220703125,11833800.0,53.21504592895508,CVS
2020-04-07,58.52000045776367,56.15999984741211,57.900001525878906,56.869998931884766,12324100.0,53.830299377441406,CVS
2020-04-08,59.81999969482422,56.849998474121094,57.33000183105469,59.40999984741211,8559800.0,56.23454284667969,CVS
2020-04-09,61.45000076293945,59.31999969482422,59.52000045776367,60.470001220703125,9168000.0,57.237884521484375,CVS
2020-04-13,61.2599983215332,58.119998931884766,60.5,58.959999084472656,9990300.0,55.80859375,CVS
2020-04-14,61.66999816894531,59.66999816894531,59.880001068115234,61.560001373291016,8254200.0,58.269622802734375,CVS
2020-04-15,60.93000030517578,59.45000076293945,60.650001525878906,60.560001373291016,9272800.0,57.32307434082031,CVS
2020-04-16,62.88999938964844,60.43000030517578,60.84000015258789,62.560001373291016,11098600.0,59.2161750793457,CVS
2020-04-17,64.25,62.349998474121094,64.01000213623047,63.36000061035156,8006300.0,59.973411560058594,CVS
2020-04-20,63.689998626708984,62.15999984741211,62.75,62.34000015258789,8217900.0,59.0079345703125,CVS
2020-04-21,61.709999084472656,59.970001220703125,61.5099983215332,60.25,8569700.0,57.02964401245117,CVS
2020-04-22,60.9900016784668,60.08000183105469,60.790000915527344,60.349998474121094,5740400.0,57.602325439453125,CVS
2020-04-23,62.22999954223633,60.86000061035156,60.88999938964844,61.279998779296875,6053400.0,58.48998260498047,CVS
2020-04-24,62.70000076293945,60.97999954223633,61.34000015258789,62.310001373291016,6098000.0,59.473087310791016,CVS
2020-04-27,63.83000183105469,62.810001373291016,62.97999954223633,63.5,6728200.0,60.60891342163086,CVS
2020-04-28,65.0,62.779998779296875,65.0,63.2400016784668,7346600.0,60.360748291015625,CVS
2020-04-29,64.05000305175781,62.52000045776367,63.52000045776367,62.61000061035156,7689300.0,59.759429931640625,CVS
2020-04-30,62.68000030517578,61.40999984741211,62.349998474121094,61.54999923706055,7361400.0,58.74768829345703,CVS
2020-05-01,60.79999923706055,59.27000045776367,60.790000915527344,59.70000076293945,7715800.0,56.9819221496582,CVS
2020-05-04,60.130001068115234,58.939998626708984,59.15999984741211,59.95000076293945,6372000.0,57.22053527832031,CVS
2020-05-05,61.61000061035156,60.349998474121094,60.630001068115234,61.209999084472656,7846500.0,58.42316818237305,CVS
2020-05-06,63.4900016784668,60.2599983215332,63.43000030517578,60.40999984741211,16386000.0,57.65959167480469,CVS
2020-05-07,61.790000915527344,60.849998474121094,61.36000061035156,61.45000076293945,9783700.0,58.65224838256836,CVS
2020-05-08,63.22999954223633,61.7599983215332,62.15999984741211,63.119998931884766,7320900.0,60.246212005615234,CVS
2020-05-11,64.08000183105469,62.68000030517578,62.709999084472656,63.84000015258789,6912100.0,60.93342590332031,CVS
2020-05-12,64.56999969482422,63.04999923706055,64.19999694824219,63.349998474121094,10781900.0,60.46574020385742,CVS
2020-05-13,63.5,60.7599983215332,63.279998779296875,61.150001525878906,10931400.0,58.36590576171875,CVS
2020-05-14,62.40999984741211,60.34000015258789,62.310001373291016,62.310001373291016,8854900.0,59.473087310791016,CVS
2020-05-15,63.29999923706055,61.709999084472656,61.77000045776367,63.189998626708984,10420600.0,60.313018798828125,CVS
2020-05-18,64.86000061035156,63.66999816894531,64.47000122070312,63.72999954223633,6819400.0,60.82843780517578,CVS
2020-05-19,64.18000030517578,62.869998931884766,63.29999923706055,63.61000061035156,5061100.0,60.71390151977539,CVS
2020-05-20,64.33000183105469,62.9900016784668,64.0999984741211,63.220001220703125,7046500.0,60.34165954589844,CVS
2020-05-21,63.93000030517578,62.72999954223633,62.95000076293945,63.34000015258789,5484100.0,60.45619201660156,CVS
2020-05-22,63.4900016784668,62.88999938964844,63.41999816894531,63.33000183105469,3495900.0,60.44664764404297,CVS
2020-05-26,65.5999984741211,64.33000183105469,64.47000122070312,64.63999938964844,7974400.0,61.6970100402832,CVS
2020-05-27,66.0,63.849998474121094,64.97000122070312,65.97000122070312,7118400.0,62.966453552246094,CVS
2020-05-28,67.7300033569336,66.41000366210938,66.69999694824219,66.55999755859375,6599500.0,63.52959442138672,CVS
2020-05-29,66.69999694824219,64.62000274658203,66.38999938964844,65.56999969482422,8977600.0,62.58467102050781,CVS
2020-06-01,65.95999908447266,65.01000213623047,65.44000244140625,65.63999938964844,5187000.0,62.65147399902344,CVS
2020-06-02,67.30999755859375,65.41000366210938,65.63999938964844,66.83999633789062,5463700.0,63.796836853027344,CVS
2020-06-03,67.68000030517578,66.23999786376953,67.13999938964844,66.8499984741211,6102400.0,63.8063850402832,CVS
2020-06-04,66.72000122070312,65.94999694824219,66.29000091552734,66.52999877929688,5468900.0,63.50094985961914,CVS
2020-06-05,69.19000244140625,67.12999725341797,67.27999877929688,68.3499984741211,8598400.0,65.23809051513672,CVS
2020-06-08,70.63999938964844,68.16000366210938,68.19999694824219,70.62000274658203,8556300.0,67.40474700927734,CVS
2020-06-09,70.29000091552734,68.9800033569336,69.87000274658203,69.37000274658203,5957100.0,66.21165466308594,CVS
2020-06-10,69.61000061035156,67.37999725341797,69.58000183105469,67.51000213623047,6344400.0,64.43634033203125,CVS
2020-06-11,66.43000030517578,62.709999084472656,66.11000061035156,63.15999984741211,11927500.0,60.284393310546875,CVS
2020-06-12,65.77999877929688,62.7400016784668,64.7699966430664,64.1500015258789,10345500.0,61.22932052612305,CVS
2020-06-15,63.779998779296875,61.81999969482422,63.029998779296875,63.31999969482422,9379400.0,60.43710708618164,CVS
2020-06-16,66.19000244140625,63.91999816894531,64.97000122070312,65.58000183105469,10975600.0,62.594215393066406,CVS
2020-06-17,66.13999938964844,64.66999816894531,66.0,65.0,7183300.0,62.04061508178711,CVS
2020-06-18,64.97000122070312,63.88999938964844,64.6500015258789,64.48999786376953,5852200.0,61.55384063720703,CVS
2020-06-19,66.0,64.11000061035156,65.91000366210938,64.48999786376953,21245800.0,61.55384063720703,CVS
2020-06-22,64.7300033569336,63.279998779296875,64.54000091552734,64.30000305175781,6069600.0,61.372493743896484,CVS
2020-06-23,65.26000213623047,64.33000183105469,64.86000061035156,64.43000030517578,5260300.0,61.49656295776367,CVS
2020-06-24,64.05000305175781,62.33000183105469,63.810001373291016,63.18000030517578,7164400.0,60.3034782409668,CVS
2020-06-25,64.19999694824219,62.41999816894531,62.70000076293945,64.0199966430664,5681400.0,61.105228424072266,CVS
2020-06-26,64.12000274658203,62.720001220703125,63.900001525878906,63.45000076293945,7321900.0,60.56118392944336,CVS
2020-06-29,65.2699966430664,63.869998931884766,64.0,64.41999816894531,7109100.0,61.48701858520508,CVS
2020-06-30,65.2699966430664,63.959999084472656,64.70999908447266,64.97000122070312,7036100.0,62.01198196411133,CVS
2020-07-01,65.5999984741211,64.48999786376953,64.97000122070312,64.55999755859375,5008000.0,61.620643615722656,CVS
2020-07-02,65.80000305175781,64.55999755859375,65.16000366210938,64.69999694824219,4700700.0,61.7542724609375,CVS
2020-07-06,65.4000015258789,64.54000091552734,65.05999755859375,64.93000030517578,5307300.0,61.97380828857422,CVS
2020-07-07,64.56999969482422,63.63999938964844,64.31999969482422,63.91999816894531,5845900.0,61.009788513183594,CVS
2020-07-08,64.12999725341797,62.43000030517578,63.79999923706055,63.13999938964844,9400300.0,60.26530075073242,CVS
2020-07-09,62.7400016784668,60.54999923706055,62.34000015258789,61.279998779296875,10172500.0,58.48998260498047,CVS
2020-07-10,62.72999954223633,61.0,61.400001525878906,62.650001525878906,9474700.0,59.79761505126953,CVS
2020-07-13,63.540000915527344,62.369998931884766,62.66999816894531,62.619998931884766,6745100.0,59.76897430419922,CVS
2020-07-14,63.900001525878906,62.20000076293945,62.41999816894531,63.70000076293945,6563300.0,60.7998046875,CVS
2020-07-15,64.62999725341797,63.4900016784668,63.95000076293945,64.58000183105469,7171100.0,61.639739990234375,CVS
2020-07-16,65.36000061035156,64.12000274658203,64.5,64.98999786376953,5783700.0,62.031070709228516,CVS
2020-07-17,65.62999725341797,65.0199966430664,65.30999755859375,65.36000061035156,5120900.0,62.384220123291016,CVS
2020-07-20,65.47000122070312,63.75,65.33999633789062,63.90999984741211,5679800.0,61.000240325927734,CVS
2020-07-21,64.7699966430664,63.54999923706055,63.880001068115234,64.5199966430664,5947600.0,61.582462310791016,CVS
2020-07-22,64.20999908447266,63.130001068115234,64.11000061035156,63.779998779296875,4836000.0,61.35160827636719,CVS
2020-07-23,64.3499984741211,63.529998779296875,63.79999923706055,63.790000915527344,5138300.0,61.361228942871094,CVS
2020-07-24,64.98999786376953,63.0099983215332,64.27999877929688,63.34000015258789,6436800.0,60.92836380004883,CVS
2020-07-27,63.060001373291016,62.11000061035156,62.86000061035156,62.56999969482422,6993400.0,60.187679290771484,CVS
2020-07-28,63.5,62.22999954223633,62.41999816894531,63.27000045776367,5593500.0,60.86102294921875,CVS
2020-07-29,64.58000183105469,63.09000015258789,63.459999084472656,64.22000122070312,6376000.0,61.77485656738281,CVS
2020-07-30,64.1500015258789,63.279998779296875,63.65999984741211,64.0,4600800.0,61.563232421875,CVS
2020-07-31,63.900001525878906,62.290000915527344,63.790000915527344,62.939998626708984,9198000.0,60.5435905456543,CVS
2020-08-03,64.16999816894531,63.02000045776367,63.45000076293945,63.86000061035156,6130500.0,61.42856216430664,CVS
2020-08-04,65.41000366210938,63.66999816894531,63.7400016784668,64.9800033569336,9482400.0,62.505916595458984,CVS
2020-08-05,65.5999984741211,63.900001525878906,65.54000091552734,64.4000015258789,12890100.0,61.947998046875,CVS
2020-08-06,65.4000015258789,63.91999816894531,64.55000305175781,64.12000274658203,6644100.0,61.678672790527344,CVS
2020-08-07,64.97000122070312,63.650001525878906,63.790000915527344,64.95999908447266,6115100.0,62.48667907714844,CVS
2020-08-10,65.95999908447266,64.79000091552734,64.9000015258789,65.70999908447266,6516500.0,63.20812225341797,CVS
2020-08-11,67.16999816894531,65.06999969482422,66.30000305175781,65.26000213623047,6957500.0,62.7752571105957,CVS
2020-08-12,65.9800033569336,64.61000061035156,65.83000183105469,64.98999786376953,6865100.0,62.515533447265625,CVS
2020-08-13,64.97000122070312,64.05000305175781,64.56999969482422,64.69999694824219,6558000.0,62.23657989501953,CVS
2020-08-14,65.68000030517578,64.08999633789062,64.27999877929688,65.66999816894531,4920500.0,63.169647216796875,CVS
2020-08-17,65.87999725341797,64.87999725341797,65.8499984741211,64.9000015258789,5603800.0,62.42896270751953,CVS
2020-08-18,65.55999755859375,64.9000015258789,65.01000213623047,65.18000030517578,7118700.0,62.69830322265625,CVS
2020-08-19,65.70999908447266,64.98999786376953,65.38999938964844,65.27999877929688,5070000.0,62.79449462890625,CVS
2020-08-20,64.93000030517578,63.63999938964844,64.81999969482422,63.720001220703125,6035400.0,61.29389190673828,CVS
2020-08-21,64.12000274658203,63.43000030517578,63.70000076293945,63.939998626708984,4961700.0,61.505516052246094,CVS
2020-08-24,67.30000305175781,63.41999816894531,64.01000213623047,63.869998931884766,8360100.0,61.43817901611328,CVS
2020-08-25,64.16999816894531,63.189998626708984,64.05999755859375,63.470001220703125,4326100.0,61.053409576416016,CVS
2020-08-26,63.16999816894531,61.88999938964844,63.119998931884766,62.70000076293945,8198800.0,60.31272888183594,CVS
2020-08-27,63.61000061035156,62.27000045776367,62.630001068115234,63.38999938964844,5074000.0,60.976463317871094,CVS
2020-08-28,63.630001068115234,62.83000183105469,63.470001220703125,63.209999084472656,5045000.0,60.803314208984375,CVS
2020-08-31,63.060001373291016,62.11000061035156,62.459999084472656,62.119998931884766,8171400.0,59.75481033325195,CVS
2020-09-01,62.040000915527344,59.95000076293945,62.0099983215332,60.279998779296875,12370500.0,57.984867095947266,CVS
2020-09-02,61.31999969482422,60.18000030517578,60.29999923706055,60.90999984741211,15721300.0,58.59088134765625,CVS
2020-09-03,61.9900016784668,60.040000915527344,61.380001068115234,60.45000076293945,8928900.0,58.148399353027344,CVS
2020-09-04,60.79999923706055,59.290000915527344,60.45000076293945,60.2400016784668,8655200.0,57.946388244628906,CVS
2020-09-08,60.810001373291016,59.279998779296875,60.43000030517578,59.529998779296875,7801500.0,57.263427734375,CVS
2020-09-09,60.13999938964844,59.209999084472656,59.689998626708984,59.529998779296875,6259300.0,57.263427734375,CVS
2020-09-10,59.650001525878906,57.959999084472656,59.439998626708984,58.0,10105400.0,55.79167556762695,CVS
2020-09-11,58.13999938964844,57.060001373291016,58.130001068115234,57.400001525878906,11597100.0,55.21452331542969,CVS
2020-09-14,58.209999084472656,57.54999923706055,57.630001068115234,57.970001220703125,12955200.0,55.76282501220703,CVS
2020-09-15,58.61000061035156,56.9900016784668,58.0,57.0,10139200.0,54.829750061035156,CVS
2020-09-16,57.849998474121094,56.099998474121094,57.20000076293945,57.47999954223633,15419400.0,55.291481018066406,CVS
2020-09-17,58.68000030517578,56.81999969482422,57.099998474121094,58.40999984741211,12278700.0,56.18606948852539,CVS
2020-09-18,59.77000045776367,57.880001068115234,58.5099983215332,59.56999969482422,13532300.0,57.301902770996094,CVS
2020-09-21,59.0099983215332,57.959999084472656,58.849998474121094,58.869998931884766,9784500.0,56.6285514831543,CVS
2020-09-22,59.22999954223633,58.09000015258789,58.810001373291016,58.13999938964844,6906400.0,55.92634201049805,CVS
2020-09-23,58.380001068115234,57.369998931884766,58.15999984741211,57.400001525878906,6726000.0,55.21452331542969,CVS
2020-09-24,57.599998474121094,56.349998474121094,57.18000030517578,56.709999084472656,6960900.0,54.5507926940918,CVS
2020-09-25,57.43000030517578,56.11000061035156,56.310001373291016,57.31999969482422,4911400.0,55.137569427490234,CVS
2020-09-28,58.599998474121094,57.599998474121094,57.599998474121094,57.939998626708984,5304900.0,55.73396682739258,CVS
2020-09-29,57.95000076293945,57.04999923706055,57.95000076293945,57.540000915527344,5779900.0,55.34919357299805,CVS
2020-09-30,59.099998474121094,57.599998474121094,57.63999938964844,58.400001525878906,8156400.0,56.17645263671875,CVS
2020-10-01,58.66999816894531,57.36000061035156,58.43000030517578,57.84000015258789,7559200.0,55.63777160644531,CVS
2020-10-02,58.689998626708984,56.91999816894531,57.09000015258789,57.83000183105469,7143300.0,55.62815475463867,CVS
2020-10-05,58.970001220703125,58.189998626708984,58.2599983215332,58.95000076293945,5168900.0,56.705509185791016,CVS
2020-10-06,59.52000045776367,58.15999984741211,59.11000061035156,58.22999954223633,5708000.0,56.01292037963867,CVS
2020-10-07,59.97999954223633,58.560001373291016,58.599998474121094,59.41999816894531,6061400.0,57.15761184692383,CVS
2020-10-08,60.5,59.33000183105469,59.630001068115234,60.470001220703125,4894100.0,58.16763687133789,CVS
2020-10-09,60.79999923706055,59.209999084472656,60.79999923706055,59.400001525878906,5698900.0,57.13837814331055,CVS
2020-10-12,60.220001220703125,59.27000045776367,59.5,59.720001220703125,5806900.0,57.44619369506836,CVS
2020-10-13,59.95000076293945,58.95000076293945,59.400001525878906,59.119998931884766,5700200.0,56.8690299987793,CVS
2020-10-14,59.34000015258789,58.439998626708984,58.939998626708984,58.5099983215332,6191700.0,56.282257080078125,CVS
2020-10-15,59.33000183105469,57.90999984741211,58.08000183105469,59.31999969482422,8205000.0,57.06141662597656,CVS
2020-10-16,59.86000061035156,58.900001525878906,59.369998931884766,59.59000015258789,6816100.0,57.321144104003906,CVS
2020-10-19,60.439998626708984,58.709999084472656,60.060001373291016,58.779998779296875,6983900.0,56.54197692871094,CVS
2020-10-20,59.869998931884766,58.459999084472656,59.040000915527344,59.43000030517578,7590600.0,57.167236328125,CVS
2020-10-21,59.619998931884766,58.61000061035156,58.619998931884766,59.22999954223633,5385300.0,57.45825958251953,CVS
2020-10-22,59.529998779296875,58.619998931884766,59.13999938964844,59.47999954223633,5722500.0,57.700782775878906,CVS
2020-10-23,60.599998474121094,59.689998626708984,59.779998779296875,60.25,6810100.0,58.44774627685547,CVS
2020-10-26,59.97999954223633,58.66999816894531,59.90999984741211,59.560001373291016,7551500.0,57.77838897705078,CVS
2020-10-27,59.2599983215332,58.11000061035156,59.119998931884766,58.150001525878906,5415000.0,56.41056442260742,CVS
2020-10-28,57.939998626708984,56.439998626708984,57.36000061035156,56.56999969482422,10660200.0,54.877830505371094,CVS
2020-10-29,56.66999816894531,55.36000061035156,56.459999084472656,55.93000030517578,9757900.0,54.25697326660156,CVS
2020-10-30,56.310001373291016,55.400001525878906,55.93000030517578,56.09000015258789,8663100.0,54.41218185424805,CVS
2020-11-02,58.22999954223633,56.189998626708984,56.869998931884766,58.08000183105469,9437900.0,56.3426628112793,CVS
2020-11-03,60.08000183105469,58.400001525878906,58.459999084472656,59.45000076293945,7153900.0,57.67168045043945,CVS
2020-11-04,61.959999084472656,60.22999954223633,61.25,60.369998931884766,11190800.0,58.56415939331055,CVS
2020-11-05,62.61000061035156,61.029998779296875,61.36000061035156,61.40999984741211,10069400.0,59.57304763793945,CVS
2020-11-06,67.33000183105469,63.02000045776367,63.04999923706055,64.94999694824219,24526900.0,63.00715637207031,CVS
2020-11-09,69.62999725341797,65.77999877929688,69.0,67.52999877929688,15696400.0,65.50997924804688,CVS
2020-11-10,70.6500015258789,68.0,68.44999694824219,70.2300033569336,15038800.0,68.12921905517578,CVS
2020-11-11,71.01000213623047,69.44999694824219,70.0999984741211,69.51000213623047,9628000.0,67.4307632446289,CVS
2020-11-12,69.9000015258789,68.44000244140625,69.0,69.38999938964844,6066400.0,67.31434631347656,CVS
2020-11-13,71.18000030517578,69.08000183105469,69.70999908447266,71.0,6722000.0,68.87618255615234,CVS
2020-11-16,74.05999755859375,72.47000122070312,73.58999633789062,73.47000122070312,13265600.0,71.27230072021484,CVS
2020-11-17,68.72000122070312,66.6500015258789,68.25,67.13999938964844,34429700.0,65.13165283203125,CVS
2020-11-18,68.2699966430664,66.29000091552734,67.5,66.3499984741211,11674600.0,64.36527252197266,CVS
2020-11-19,66.48999786376953,65.18000030517578,66.0199966430664,66.05999755859375,11656400.0,64.08394622802734,CVS
2020-11-20,66.87000274658203,65.81999969482422,65.9000015258789,66.38999938964844,8822500.0,64.40408325195312,CVS
2020-11-23,67.4800033569336,66.4000015258789,66.87000274658203,66.77999877929688,5889100.0,64.78241729736328,CVS
2020-11-24,68.83000183105469,66.7300033569336,67.26000213623047,68.43000030517578,8312200.0,66.383056640625,CVS
2020-11-25,68.4000015258789,67.08000183105469,68.33000183105469,67.62999725341797,6789100.0,65.60698699951172,CVS
2020-11-27,68.16000366210938,67.4800033569336,67.70999908447266,67.87000274658203,2803700.0,65.8398208618164,CVS
2020-11-30,68.08999633789062,67.19999694824219,67.80999755859375,67.79000091552734,8242600.0,65.76220703125,CVS
2020-12-01,69.33000183105469,67.36000061035156,68.38999938964844,67.54000091552734,8233200.0,65.5196762084961,CVS
2020-12-02,70.29000091552734,67.44999694824219,67.55000305175781,69.62999725341797,8138500.0,67.54715728759766,CVS
2020-12-03,72.62999725341797,69.2300033569336,69.70999908447266,72.5199966430664,13270200.0,70.35071563720703,CVS
2020-12-04,74.5199966430664,72.56999969482422,72.72000122070312,74.5,11964700.0,72.27149200439453,CVS
2020-12-07,74.63999938964844,72.43000030517578,74.2300033569336,73.62999725341797,6868000.0,71.4275131225586,CVS
2020-12-08,73.94000244140625,72.62000274658203,72.7300033569336,73.86000061035156,6044200.0,71.65064239501953,CVS
2020-12-09,74.44000244140625,72.86000061035156,74.37999725341797,73.52999877929688,6825900.0,71.33050537109375,CVS
2020-12-10,73.16000366210938,72.08000183105469,72.7699966430664,72.20999908447266,6003100.0,70.04998779296875,CVS
2020-12-11,72.11000061035156,70.6500015258789,72.0,71.58000183105469,6515800.0,69.4388427734375,CVS
2020-12-14,72.33000183105469,69.68000030517578,72.30999755859375,69.72000122070312,7157600.0,67.63447570800781,CVS
2020-12-15,70.19000244140625,68.80000305175781,70.08000183105469,69.88999938964844,7808700.0,67.79939270019531,CVS
2020-12-16,69.62999725341797,68.3499984741211,69.1500015258789,69.31999969482422,7380700.0,67.2464370727539,CVS
2020-12-17,69.88999938964844,68.69000244140625,69.44999694824219,69.58999633789062,7497600.0,67.50835418701172,CVS
2020-12-18,69.79000091552734,68.81999969482422,69.73999786376953,69.55000305175781,12530500.0,67.46956634521484,CVS
2020-12-21,68.95999908447266,67.95999908447266,68.69999694824219,68.70999908447266,6988400.0,66.6546859741211,CVS
2020-12-22,68.55000305175781,67.05999755859375,68.43000030517578,67.22000122070312,5685000.0,65.20925903320312,CVS
2020-12-23,68.4800033569336,67.48999786376953,67.52999877929688,68.01000213623047,4924100.0,65.97563934326172,CVS
2020-12-24,68.16999816894531,67.48999786376953,68.16999816894531,67.97000122070312,2117600.0,65.93682861328125,CVS
2020-12-28,68.98999786376953,67.72000122070312,68.23999786376953,68.08000183105469,4818200.0,66.04352569580078,CVS
2020-12-29,69.30999755859375,67.72000122070312,68.4000015258789,67.9000015258789,4389800.0,65.86890411376953,CVS
2020-12-30,68.08999633789062,67.43000030517578,68.08000183105469,67.75,4967300.0,65.72340393066406,CVS
2020-12-31,68.41000366210938,67.08000183105469,67.69999694824219,68.30000305175781,5386900.0,66.25695037841797,CVS
2021-01-04,70.29000091552734,68.12999725341797,68.68000030517578,69.98999786376953,11367200.0,67.89639282226562,CVS
2021-01-05,71.0199966430664,69.37999725341797,70.33000183105469,70.45999908447266,8012200.0,68.35233306884766,CVS
2021-01-06,73.02999877929688,69.94999694824219,70.0,72.55999755859375,10142400.0,70.38951110839844,CVS
2021-01-07,74.41999816894531,72.27999877929688,73.05000305175781,73.98999786376953,7962300.0,71.7767333984375,CVS
2021-01-08,76.33000183105469,74.41999816894531,75.0,74.86000061035156,11254700.0,72.6207275390625,CVS
2021-01-11,76.4800033569336,74.25,74.25,76.06999969482422,6675000.0,73.79451751708984,CVS
2021-01-12,77.2300033569336,75.54000091552734,76.04000091552734,76.26000213623047,5641300.0,73.97884368896484,CVS
2021-01-13,76.12000274658203,74.5199966430664,75.94999694824219,74.91999816894531,6223800.0,72.67892456054688,CVS
2021-01-14,75.68000030517578,74.33999633789062,75.0,75.05000305175781,5088100.0,72.80503845214844,CVS
2021-01-15,76.44999694824219,74.8499984741211,75.0199966430664,76.26000213623047,8110300.0,73.97884368896484,CVS
2021-01-19,77.0,75.30999755859375,77.0,75.4000015258789,5919000.0,73.14456939697266,CVS
2021-01-20,75.45999908447266,74.58999633789062,75.41999816894531,75.25,4764400.0,72.99905395507812,CVS
2021-01-21,74.86000061035156,73.54000091552734,74.69999694824219,74.08000183105469,5029500.0,72.3447494506836,CVS
2021-01-22,74.30000305175781,73.0199966430664,73.7300033569336,74.12000274658203,4183600.0,72.38381958007812,CVS
2021-01-25,73.52999877929688,72.16000366210938,73.5,73.20999908447266,7554800.0,71.49513244628906,CVS
2021-01-26,74.37999725341797,73.27999877929688,73.37000274658203,74.2300033569336,4667600.0,72.49124145507812,CVS
2021-01-27,74.19000244140625,72.19000244140625,73.52999877929688,72.41999816894531,6279800.0,70.7236328125,CVS
2021-01-28,73.79000091552734,72.22000122070312,72.44000244140625,72.61000061035156,5020000.0,70.9091796875,CVS
2021-01-29,73.30000305175781,71.04000091552734,72.5199966430664,71.6500015258789,6469500.0,69.97167205810547,CVS
2021-02-01,72.47000122070312,71.33999633789062,72.08000183105469,71.45999908447266,5207100.0,69.78611755371094,CVS
2021-02-02,72.6500015258789,71.19999694824219,71.69999694824219,71.83000183105469,5543900.0,70.1474609375,CVS
2021-02-03,73.66999816894531,71.33999633789062,71.73999786376953,73.23999786376953,6128200.0,71.52442169189453,CVS
2021-02-04,74.04000091552734,72.79000091552734,73.4000015258789,73.0,8117500.0,71.29004669189453,CVS
2021-02-05,73.36000061035156,71.93000030517578,73.2300033569336,72.18000030517578,6421800.0,70.4892578125,CVS
2021-02-08,72.98999786376953,72.16999816894531,72.47000122070312,72.9800033569336,5826900.0,71.27052307128906,CVS
2021-02-09,74.13999938964844,72.8499984741211,73.23999786376953,73.48999786376953,8100200.0,71.76856994628906,CVS
2021-02-10,74.16000366210938,72.80999755859375,73.94999694824219,73.83000183105469,4752800.0,72.1006088256836,CVS
2021-02-11,74.08000183105469,72.91999816894531,74.0,73.5999984741211,4725500.0,71.87599182128906,CVS
2021-02-12,74.55999755859375,73.54000091552734,73.56999969482422,74.20999908447266,5870600.0,72.47171020507812,CVS
2021-02-16,75.38999938964844,70.19000244140625,75.2699966430664,70.52999877929688,18932600.0,68.87789916992188,CVS
2021-02-17,72.8499984741211,70.12000274658203,70.25,72.70999908447266,13280300.0,71.0068359375,CVS
2021-02-18,72.97000122070312,71.31999969482422,72.6500015258789,71.5199966430664,7328800.0,69.84471130371094,CVS
2021-02-19,71.41999816894531,70.29000091552734,71.4000015258789,70.41999816894531,6530800.0,68.7704849243164,CVS
2021-02-22,70.63999938964844,69.37000274658203,70.30000305175781,70.4800033569336,6054900.0,68.82908630371094,CVS
2021-02-23,70.80000305175781,69.45999908447266,69.72000122070312,69.63999938964844,8150600.0,68.00875091552734,CVS
2021-02-24,70.54000091552734,69.38999938964844,69.88999938964844,70.4000015258789,5826100.0,68.75096130371094,CVS
2021-02-25,70.6500015258789,69.16000366210938,69.9800033569336,69.33000183105469,5243400.0,67.70601654052734,CVS
2021-02-26,69.33000183105469,68.0199966430664,69.2699966430664,68.12999725341797,10227500.0,66.53411865234375,CVS
2021-03-01,69.56999969482422,68.26000213623047,68.41999816894531,69.27999877929688,5656500.0,67.65718078613281,CVS
2021-03-02,69.63999938964844,68.87000274658203,69.48999786376953,68.94000244140625,5251800.0,67.32515716552734,CVS
2021-03-03,69.51000213623047,68.27999877929688,68.97000122070312,69.02999877929688,6192100.0,67.41304016113281,CVS
2021-03-04,70.04000091552734,68.41999816894531,68.95999908447266,69.16999816894531,7396700.0,67.54976654052734,CVS
2021-03-05,70.94999694824219,69.16000366210938,69.4000015258789,70.62999725341797,8295600.0,68.97555541992188,CVS
2021-03-08,72.54000091552734,70.77999877929688,71.29000091552734,71.7300033569336,9007400.0,70.0498046875,CVS
2021-03-09,73.05000305175781,71.18000030517578,72.3499984741211,71.2300033569336,8697300.0,69.56150817871094,CVS
2021-03-10,73.08999633789062,71.12999725341797,71.70999908447266,72.69999694824219,7402200.0,70.99707794189453,CVS
2021-03-11,73.43000030517578,72.31999969482422,72.94999694824219,72.3499984741211,5536100.0,70.6552734375,CVS
2021-03-12,74.05000305175781,72.5,72.69000244140625,73.91999816894531,6286700.0,72.18849182128906,CVS
2021-03-15,75.20999908447266,73.58000183105469,73.88999938964844,74.97000122070312,7139500.0,73.21390533447266,CVS
2021-03-16,75.25,74.1500015258789,75.0,75.06999969482422,5756300.0,73.31156158447266,CVS
2021-03-17,74.38999938964844,72.87999725341797,73.73999786376953,74.01000213623047,7926700.0,72.27639770507812,CVS
2021-03-18,75.29000091552734,73.80999755859375,74.01000213623047,74.4800033569336,6860600.0,72.73538970947266,CVS
2021-03-19,74.6500015258789,73.16999816894531,74.5,73.18000030517578,10427000.0,71.46582794189453,CVS
2021-03-22,73.56999969482422,72.3499984741211,72.91999816894531,73.47000122070312,6819600.0,71.74903869628906,CVS
2021-03-23,73.44000244140625,71.80000305175781,73.11000061035156,71.9000015258789,7192300.0,70.2158203125,CVS
2021-03-24,74.30000305175781,71.69999694824219,72.12000274658203,73.20999908447266,7555500.0,71.49513244628906,CVS
2021-03-25,74.25,72.29000091552734,73.25,74.06999969482422,5506800.0,72.3349838256836,CVS
2021-03-26,76.0,74.12000274658203,74.36000061035156,75.95999908447266,9051200.0,74.18071746826172,CVS
2021-03-29,76.87000274658203,75.51000213623047,75.69999694824219,76.30000305175781,6135800.0,74.51275634765625,CVS
2021-03-30,76.80999755859375,75.7300033569336,76.16999816894531,76.08000183105469,5733000.0,74.29790496826172,CVS
2021-03-31,76.16999816894531,75.19999694824219,75.95999908447266,75.2300033569336,6320500.0,73.46781921386719,CVS
2021-04-01,75.30000305175781,73.91000366210938,75.2300033569336,74.30000305175781,6965300.0,72.55960083007812,CVS
2021-04-05,75.4000015258789,74.12999725341797,74.16999816894531,75.04000091552734,6063800.0,73.28226470947266,CVS
2021-04-06,75.18000030517578,74.37999725341797,75.18000030517578,74.62000274658203,6746500.0,72.87210845947266,CVS
2021-04-07,74.91999816894531,74.13999938964844,74.87000274658203,74.48999786376953,5137400.0,72.7451400756836,CVS
2021-04-08,74.36000061035156,73.61000061035156,74.30000305175781,73.79000091552734,5180100.0,72.06153869628906,CVS
2021-04-09,74.19999694824219,73.58999633789062,74.0,74.06999969482422,4662700.0,72.3349838256836,CVS
2021-04-12,74.93000030517578,74.25,74.33000183105469,74.45999908447266,4233400.0,72.71585083007812,CVS
2021-04-13,74.3499984741211,73.30000305175781,74.05999755859375,74.0199966430664,3934100.0,72.28614807128906,CVS
2021-04-14,75.18000030517578,73.9800033569336,74.0,75.08000183105469,3968700.0,73.32132720947266,CVS
2021-04-15,76.0,74.63999938964844,75.26000213623047,75.77999877929688,5037700.0,74.00493621826172,CVS
2021-04-16,76.19999694824219,75.55999755859375,76.1500015258789,75.87999725341797,8513900.0,74.10258483886719,CVS
2021-04-19,76.72000122070312,75.41000366210938,76.18000030517578,75.75,6666900.0,73.97562408447266,CVS
2021-04-20,76.19999694824219,75.33999633789062,75.7300033569336,75.91000366210938,7660800.0,74.13188934326172,CVS
2021-04-21,77.44000244140625,76.1500015258789,76.22000122070312,76.69999694824219,6222800.0,74.90337371826172,CVS
2021-04-22,76.44000244140625,75.23999786376953,76.30999755859375,76.18000030517578,5641900.0,74.88372039794922,CVS
2021-04-23,76.41999816894531,75.2699966430664,75.93000030517578,76.05000305175781,4196800.0,74.75593566894531,CVS
2021-04-26,76.30000305175781,75.5999984741211,76.19999694824219,75.75,5617600.0,74.46102905273438,CVS
2021-04-27,75.69999694824219,74.97000122070312,75.4800033569336,75.11000061035156,3766500.0,73.83192443847656,CVS
2021-04-28,75.93000030517578,75.22000122070312,75.41000366210938,75.4000015258789,3581200.0,74.11699676513672,CVS
2021-04-29,76.48999786376953,75.66999816894531,75.79000091552734,76.37000274658203,5086300.0,75.07048797607422,CVS
2021-04-30,77.12999725341797,76.2300033569336,76.44000244140625,76.4000015258789,6153400.0,75.09998321533203,CVS
2021-05-03,78.22000122070312,76.69999694824219,77.0,77.69000244140625,9558600.0,76.36802673339844,CVS
2021-05-04,81.3499984741211,78.75,79.0,81.12000274658203,19634100.0,79.73965454101562,CVS
2021-05-05,83.30000305175781,80.41999816894531,81.5,83.04000091552734,15365700.0,81.62698364257812,CVS
2021-05-06,83.75,81.76000213623047,82.63999938964844,83.69999694824219,9412600.0,82.27576446533203,CVS
2021-05-07,85.3499984741211,83.70999908447266,83.91999816894531,85.11000061035156,8206300.0,83.6617660522461,CVS
2021-05-10,87.18000030517578,85.43000030517578,85.61000061035156,85.8499984741211,7926700.0,84.38916778564453,CVS
2021-05-11,86.01000213623047,84.05000305175781,85.52999877929688,84.37000274658203,7935100.0,82.93435668945312,CVS
2021-05-12,85.33000183105469,83.23999786376953,84.61000061035156,83.37999725341797,6437300.0,81.96119689941406,CVS
2021-05-13,84.79000091552734,83.12000274658203,83.61000061035156,84.2699966430664,4612100.0,82.8360595703125,CVS
2021-05-14,84.73999786376953,84.01000213623047,84.62999725341797,84.33000183105469,5738800.0,82.8950424194336,CVS
2021-05-17,85.19999694824219,84.11000061035156,84.11000061035156,84.55999755859375,4472900.0,83.1211166381836,CVS
2021-05-18,88.6500015258789,85.97000122070312,86.47000122070312,88.61000061035156,17674500.0,87.10221099853516,CVS
2021-05-19,90.08999633789062,87.66999816894531,88.5,89.20999908447266,20077300.0,87.69200134277344,CVS
2021-05-20,89.80000305175781,88.36000061035156,89.22000122070312,89.06999969482422,9058700.0,87.55438232421875,CVS
2021-05-21,90.19999694824219,89.11000061035156,89.29000091552734,89.80999755859375,8361500.0,88.28179168701172,CVS
2021-05-24,90.61000061035156,89.63999938964844,90.05999755859375,89.70999908447266,5639700.0,88.1834945678711,CVS
2021-05-25,89.81999969482422,88.62000274658203,89.70999908447266,88.69999694824219,5894700.0,87.190673828125,CVS
2021-05-26,88.9000015258789,85.2699966430664,88.6500015258789,87.31999969482422,14402300.0,85.83415985107422,CVS
2021-05-27,88.08000183105469,86.12000274658203,87.77999877929688,86.41999816894531,8985300.0,84.94947052001953,CVS
2021-05-28,87.30000305175781,86.37999725341797,86.68000030517578,86.44000244140625,6810000.0,84.9691390991211,CVS
2021-06-01,86.56999969482422,85.2699966430664,86.5,85.87000274658203,6109800.0,84.4088363647461,CVS
2021-06-02,86.4800033569336,85.70999908447266,86.31999969482422,85.98999786376953,4105000.0,84.52679443359375,CVS
2021-06-03,87.30000305175781,85.66000366210938,85.98999786376953,87.05999755859375,4679900.0,85.5785903930664,CVS
2021-06-04,87.11000061035156,86.19999694824219,87.05999755859375,86.47000122070312,4606700.0,84.99862670898438,CVS
2021-06-07,87.12999725341797,86.19000244140625,86.6500015258789,86.33000183105469,3952400.0,84.86100769042969,CVS
2021-06-08,86.12000274658203,85.12999725341797,86.05999755859375,85.80999755859375,4270300.0,84.349853515625,CVS
2021-06-09,86.25,84.83000183105469,85.7699966430664,84.94999694824219,5782500.0,83.50448608398438,CVS
2021-06-10,86.05999755859375,85.29000091552734,85.51000213623047,85.5,4690400.0,84.04512786865234,CVS
2021-06-11,86.12999725341797,85.23999786376953,85.8499984741211,85.47000122070312,2697900.0,84.01564025878906,CVS
2021-06-14,85.19000244140625,83.55999755859375,85.16999816894531,84.62000274658203,5089600.0,83.18010711669922,CVS
2021-06-15,86.11000061035156,84.4800033569336,85.16000366210938,85.4000015258789,5473300.0,83.94683074951172,CVS
2021-06-16,86.13999938964844,84.66000366210938,85.5,84.73999786376953,5721300.0,83.29805755615234,CVS
2021-06-17,85.08999633789062,83.66999816894531,85.05000305175781,84.2300033569336,4943100.0,82.7967529296875,CVS
2021-06-18,83.69000244140625,82.33000183105469,83.5199966430664,82.4000015258789,8800800.0,80.99787902832031,CVS
2021-06-21,84.2300033569336,82.44000244140625,82.61000061035156,84.0199966430664,4531800.0,82.5903091430664,CVS
2021-06-22,84.36000061035156,83.58000183105469,84.0199966430664,83.80999755859375,3550400.0,82.3838882446289,CVS
2021-06-23,84.2300033569336,83.26000213623047,83.79000091552734,83.7300033569336,3396300.0,82.30525207519531,CVS
2021-06-24,83.98999786376953,82.80999755859375,83.9000015258789,83.7699966430664,4867000.0,82.34456634521484,CVS
2021-06-25,84.75,83.77999877929688,84.0,84.08000183105469,3743900.0,82.64929962158203,CVS
2021-06-28,84.2300033569336,83.11000061035156,83.66999816894531,84.12000274658203,4194700.0,82.68861389160156,CVS
2021-06-29,85.12999725341797,83.41000366210938,84.62000274658203,83.48999786376953,4926800.0,82.06932830810547,CVS
2021-06-30,83.68000030517578,82.83999633789062,83.26000213623047,83.44000244140625,5038900.0,82.02018737792969,CVS
2021-07-01,83.7300033569336,81.95999908447266,83.70999908447266,82.22000122070312,9737600.0,80.8209457397461,CVS
2021-07-02,82.72000122070312,81.45999908447266,82.16000366210938,82.43000030517578,5591400.0,81.0273666381836,CVS
2021-07-06,82.12999725341797,80.25,82.12999725341797,81.18000030517578,6544400.0,79.79863739013672,CVS
2021-07-07,82.37999725341797,80.44000244140625,80.95999908447266,81.33999633789062,6878900.0,79.95591735839844,CVS
2021-07-08,80.87000274658203,79.77999877929688,80.58999633789062,80.22000122070312,5417000.0,78.85498046875,CVS
2021-07-09,81.68000030517578,80.87000274658203,80.91000366210938,81.31999969482422,3471900.0,79.93626403808594,CVS
2021-07-12,82.11000061035156,80.43000030517578,80.88999938964844,81.81999969482422,4014200.0,80.42774963378906,CVS
2021-07-13,82.33999633789062,81.5199966430664,82.01000213623047,81.66000366210938,3083400.0,80.27046966552734,CVS
2021-07-14,82.69000244140625,81.55999755859375,81.94999694824219,82.41999816894531,6308200.0,81.01753997802734,CVS
2021-07-15,82.37000274658203,81.51000213623047,81.76000213623047,82.06999969482422,3622600.0,80.67349243164062,CVS
2021-07-16,82.51000213623047,81.43000030517578,82.18000030517578,81.72000122070312,5462600.0,80.32945251464844,CVS
2021-07-19,81.55000305175781,79.55999755859375,81.12000274658203,80.66999816894531,5135300.0,79.29730987548828,CVS
2021-07-20,82.88999938964844,80.80000305175781,80.88999938964844,81.80000305175781,6382500.0,80.40809631347656,CVS
2021-07-21,83.2300033569336,82.05000305175781,82.44000244140625,83.05999755859375,6804500.0,81.64664459228516,CVS
2021-07-22,82.81999969482422,81.93000030517578,82.70999908447266,82.62999725341797,4675000.0,81.71587371826172,CVS
2021-07-23,83.62999725341797,82.79000091552734,83.0,83.2699966430664,4090800.0,82.34879302978516,CVS
2021-07-26,84.27999877929688,82.72000122070312,83.43000030517578,82.87000274658203,4784100.0,81.95323181152344,CVS
2021-07-27,83.69999694824219,82.30999755859375,82.55000305175781,83.63999938964844,4298000.0,82.71470642089844,CVS
2021-07-28,83.7300033569336,82.5,83.62999725341797,83.30000305175781,3281900.0,82.37847137451172,CVS
2021-07-29,84.1500015258789,82.80000305175781,83.98999786376953,83.05999755859375,4284700.0,82.14112091064453,CVS
2021-07-30,83.47000122070312,82.12999725341797,82.95999908447266,82.36000061035156,5996300.0,81.44886779785156,CVS
2021-08-02,82.91999816894531,82.0199966430664,82.36000061035156,82.41000366210938,4679000.0,81.4983139038086,CVS
2021-08-03,84.16999816894531,81.63999938964844,82.76000213623047,84.0,7620300.0,83.07072448730469,CVS
2021-08-04,83.19999694824219,80.01000213623047,80.25,81.55000305175781,14338400.0,80.6478271484375,CVS
2021-08-05,81.75,79.33000183105469,81.36000061035156,80.05000305175781,11322500.0,79.16442108154297,CVS
2021-08-06,81.7300033569336,80.1500015258789,80.5199966430664,81.25,7020900.0,80.35114288330078,CVS
2021-08-09,81.91999816894531,80.81999969482422,81.19999694824219,81.6500015258789,4570300.0,80.74671936035156,CVS
2021-08-10,83.30999755859375,81.2300033569336,81.6500015258789,83.23999786376953,5908400.0,82.31912231445312,CVS
2021-08-11,85.1500015258789,83.55999755859375,83.55999755859375,84.94999694824219,7758200.0,84.01020812988281,CVS
2021-08-12,85.5,84.19999694824219,85.20999908447266,85.13999938964844,6540500.0,84.19811248779297,CVS
2021-08-13,85.48999786376953,84.2300033569336,85.25,84.36000061035156,3659700.0,83.4267349243164,CVS
2021-08-16,85.5,83.87000274658203,84.2699966430664,85.38999938964844,4502400.0,84.44534301757812,CVS
2021-08-17,86.7300033569336,85.05000305175781,85.12000274658203,86.47000122070312,6132600.0,85.51339721679688,CVS
2021-08-18,86.52999877929688,84.52999877929688,86.29000091552734,84.58999633789062,4501600.0,83.65419006347656,CVS
2021-08-19,84.93000030517578,83.52999877929688,83.95999908447266,84.2300033569336,5192200.0,83.29817962646484,CVS
2021-08-20,84.97000122070312,83.73999786376953,84.0999984741211,84.8499984741211,3992700.0,83.91131591796875,CVS
2021-08-23,85.83999633789062,84.51000213623047,85.38999938964844,84.5999984741211,3708400.0,83.6640853881836,CVS
2021-08-24,84.51000213623047,83.77999877929688,84.48999786376953,83.80999755859375,3269900.0,82.88282012939453,CVS
2021-08-25,84.19000244140625,82.95999908447266,83.58000183105469,83.56999969482422,3158500.0,82.6454849243164,CVS
2021-08-26,83.79000091552734,82.48999786376953,83.79000091552734,83.02999877929688,3914400.0,82.1114501953125,CVS
2021-08-27,83.77999877929688,83.04000091552734,83.31999969482422,83.70999908447266,3903100.0,82.783935546875,CVS
2021-08-30,84.69000244140625,83.41000366210938,83.94000244140625,84.5999984741211,5480000.0,83.6640853881836,CVS
2021-08-31,86.87999725341797,84.61000061035156,84.7699966430664,86.38999938964844,8277300.0,85.43428039550781,CVS
2021-09-01,86.20999908447266,83.88999938964844,86.0999984741211,85.70999908447266,6689100.0,84.76180267333984,CVS
2021-09-02,87.5,85.7300033569336,85.75,86.95999908447266,5223300.0,85.99797821044922,CVS
2021-09-03,87.79000091552734,86.62999725341797,87.11000061035156,87.47000122070312,4936900.0,86.50233459472656,CVS
2021-09-07,87.4000015258789,85.86000061035156,87.19999694824219,86.58000183105469,4626200.0,85.62217712402344,CVS
2021-09-08,86.62000274658203,85.29000091552734,86.33999633789062,86.22000122070312,3553200.0,85.26616668701172,CVS
2021-09-09,86.04000091552734,85.20999908447266,85.91999816894531,85.41000366210938,4076300.0,84.46512603759766,CVS
2021-09-10,85.80999755859375,83.36000061035156,85.80000305175781,83.79000091552734,6454400.0,82.86304473876953,CVS
2021-09-13,85.19000244140625,84.0199966430664,84.13999938964844,84.51000213623047,4495200.0,83.57508087158203,CVS
2021-09-14,85.06999969482422,83.68000030517578,85.05000305175781,83.88999938964844,3882400.0,82.9619369506836,CVS
2021-09-15,85.9800033569336,83.66000366210938,83.86000061035156,85.54000091552734,6352400.0,84.59368896484375,CVS
2021-09-16,86.33000183105469,84.56999969482422,85.9800033569336,85.3499984741211,4169200.0,84.4057846069336,CVS
2021-09-17,85.83000183105469,84.83999633789062,84.98999786376953,85.51000213623047,8731800.0,84.56401824951172,CVS
2021-09-20,85.44999694824219,83.56999969482422,84.62999725341797,84.58000183105469,5337000.0,83.6443099975586,CVS
2021-09-21,85.62000274658203,83.83999633789062,84.94999694824219,83.93000030517578,5052900.0,83.00149536132812,CVS
2021-09-22,84.88999938964844,83.80999755859375,84.5199966430664,83.86000061035156,3919200.0,82.9322738647461,CVS
2021-09-23,85.62000274658203,83.87000274658203,84.13999938964844,84.86000061035156,3875700.0,83.92121124267578,CVS
2021-09-24,85.33999633789062,84.5,84.98999786376953,84.70999908447266,2888300.0,83.77286529541016,CVS
2021-09-27,86.44000244140625,84.51000213623047,84.51000213623047,85.73999786376953,5255100.0,84.79146575927734,CVS
2021-09-28,86.33999633789062,85.23999786376953,85.6500015258789,85.66000366210938,6257800.0,84.71236419677734,CVS
2021-09-29,87.25,85.44000244140625,85.52999877929688,86.79000091552734,4827000.0,85.8298568725586,CVS
2021-09-30,87.52999877929688,84.79000091552734,87.0999984741211,84.86000061035156,6024800.0,83.92121124267578,CVS
2021-10-01,84.91000366210938,82.36000061035156,84.80000305175781,84.06999969482422,6888400.0,83.13994598388672,CVS
2021-10-04,85.47000122070312,83.11000061035156,84.0,83.80999755859375,4768000.0,82.88282012939453,CVS
2021-10-05,84.88999938964844,83.4800033569336,83.97000122070312,83.63999938964844,4848600.0,82.71470642089844,CVS
2021-10-06,83.44999694824219,81.77999877929688,83.0,83.1500015258789,5205100.0,82.23013305664062,CVS
2021-10-07,84.66000366210938,83.36000061035156,83.36000061035156,84.19999694824219,4262000.0,83.26850128173828,CVS
2021-10-08,84.73999786376953,83.86000061035156,84.5,84.37000274658203,2990600.0,83.43663024902344,CVS
2021-10-11,85.31999969482422,84.02999877929688,84.62000274658203,84.27999877929688,3283400.0,83.34762573242188,CVS
2021-10-12,84.66999816894531,83.55999755859375,84.2699966430664,83.79000091552734,2916200.0,82.86304473876953,CVS
2021-10-13,83.61000061035156,82.19999694824219,83.58000183105469,83.16000366210938,4261900.0,82.24002075195312,CVS
2021-10-14,85.44999694824219,82.91999816894531,84.33999633789062,84.55999755859375,7284600.0,83.62452697753906,CVS
2021-10-15,86.29000091552734,84.94000244140625,85.02999877929688,85.83999633789062,5449000.0,84.89036560058594,CVS
2021-10-18,85.75,84.12000274658203,85.75,84.4800033569336,4822100.0,83.54541015625,CVS
2021-10-19,85.30999755859375,84.62000274658203,84.97000122070312,84.88999938964844,3833000.0,83.95087432861328,CVS
2021-10-20,86.83000183105469,85.0,85.0999984741211,86.55000305175781,5023300.0,85.59251403808594,CVS
2021-10-21,86.88999938964844,85.70999908447266,85.83999633789062,86.86000061035156,5347200.0,86.39820098876953,CVS
2021-10-22,87.58999633789062,86.23999786376953,86.4800033569336,87.5199966430664,5035900.0,87.05469512939453,CVS
2021-10-25,88.0,87.0199966430664,87.72000122070312,87.68000030517578,5774100.0,87.2138442993164,CVS
2021-10-26,88.63999938964844,86.58999633789062,87.98999786376953,88.31999969482422,6215300.0,87.8504409790039,CVS
2021-10-27,88.77999877929688,87.69999694824219,88.52999877929688,88.08999633789062,5211500.0,87.62165832519531,CVS
2021-10-28,88.83999633789062,87.9000015258789,88.4000015258789,88.62000274658203,4394600.0,88.14884948730469,CVS
2021-10-29,89.52999877929688,88.05999755859375,88.2699966430664,89.27999877929688,5335600.0,88.80533599853516,CVS
2021-11-01,91.12000274658203,89.58000183105469,89.7699966430664,90.6500015258789,7682500.0,90.16805267333984,CVS
2021-11-02,91.44999694824219,90.18000030517578,90.91999816894531,91.1500015258789,6950900.0,90.66539764404297,CVS
2021-11-03,96.56999969482422,92.19999694824219,92.51000213623047,96.33999633789062,16938000.0,95.82779693603516,CVS
2021-11-04,96.30000305175781,94.04000091552734,96.27999877929688,94.48999786376953,7417800.0,93.98763275146484,CVS
2021-11-05,95.87999725341797,93.0,94.68000030517578,93.77999877929688,7437300.0,93.28141021728516,CVS
2021-11-08,94.58999633789062,93.41999816894531,94.0,93.76000213623047,3982100.0,93.26152038574219,CVS
2021-11-09,93.97000122070312,92.55999755859375,93.87999725341797,92.76000213623047,4446700.0,92.26683807373047,CVS
2021-11-10,94.4000015258789,92.41999816894531,93.29000091552734,92.95999908447266,4966600.0,92.46577453613281,CVS
2021-11-11,94.52999877929688,92.54000091552734,92.68000030517578,94.20999908447266,4273000.0,93.7091293334961,CVS
2021-11-12,95.33999633789062,93.3499984741211,94.58000183105469,94.0199966430664,3792500.0,93.52013397216797,CVS
2021-11-15,94.30000305175781,93.43000030517578,94.11000061035156,93.48999786376953,3602100.0,92.99295043945312,CVS
2021-11-16,94.16999816894531,92.81999969482422,93.93000030517578,92.88999938964844,4038600.0,92.3961410522461,CVS
2021-11-17,93.05999755859375,92.08000183105469,92.62999725341797,92.7300033569336,3878200.0,92.23699951171875,CVS
2021-11-18,95.68000030517578,92.73999786376953,93.05999755859375,95.33999633789062,8619700.0,94.83311462402344,CVS
2021-11-19,95.05999755859375,92.31999969482422,95.05999755859375,93.16000366210938,6446000.0,92.66471099853516,CVS
2021-11-22,94.45999908447266,92.94999694824219,93.0999984741211,92.98999786376953,4334600.0,92.49561309814453,CVS
2021-11-23,94.44999694824219,92.19999694824219,93.11000061035156,93.63999938964844,6625500.0,93.14215850830078,CVS
2021-11-24,93.83999633789062,92.22000122070312,93.2699966430664,92.6500015258789,6109400.0,92.15742492675781,CVS
2021-11-26,92.25,90.9000015258789,91.47000122070312,91.5199966430664,4241000.0,91.0334243774414,CVS
2021-11-29,92.72000122070312,91.08999633789062,91.98999786376953,92.0199966430664,5215600.0,91.53076934814453,CVS
2021-11-30,91.66000366210938,88.91000366210938,91.2699966430664,89.05999755859375,9051700.0,88.58650207519531,CVS
2021-12-01,91.05999755859375,88.7699966430664,90.18000030517578,88.77999877929688,6223500.0,88.30799865722656,CVS
2021-12-02,91.18000030517578,88.80999755859375,89.12999725341797,89.98999786376953,5992700.0,89.51155853271484,CVS
2021-12-03,91.58999633789062,90.11000061035156,90.63999938964844,90.87000274658203,5660200.0,90.38688659667969,CVS
2021-12-06,93.44000244140625,91.58999633789062,91.62999725341797,92.6500015258789,6039400.0,92.15742492675781,CVS
2021-12-07,93.44999694824219,92.63999938964844,93.01000213623047,92.93000030517578,3965700.0,92.4359359741211,CVS
2021-12-08,94.29000091552734,92.48999786376953,93.33000183105469,93.0999984741211,5767900.0,92.60502624511719,CVS
2021-12-09,97.7699966430664,94.19000244140625,94.8499984741211,97.30999755859375,14096800.0,96.79264068603516,CVS
2021-12-10,99.12999725341797,97.05000305175781,97.69999694824219,98.86000061035156,9217300.0,98.33440399169922,CVS
2021-12-13,99.33000183105469,97.91999816894531,98.9800033569336,98.9000015258789,4986100.0,98.37419128417969,CVS
2021-12-14,100.97000122070312,98.62999725341797,99.47000122070312,98.77999877929688,6282700.0,98.25482940673828,CVS
2021-12-15,100.63999938964844,98.33999633789062,98.77999877929688,100.55000305175781,7052700.0,100.01542663574219,CVS
2021-12-16,102.22000122070312,100.23999786376953,100.5199966430664,101.22000122070312,7360800.0,100.6818618774414,CVS
2021-12-17,101.63999938964844,99.29000091552734,101.37999725341797,100.36000061035156,9409800.0,99.82643127441406,CVS
2021-12-20,100.47000122070312,98.63999938964844,99.91000366210938,100.31999969482422,5233100.0,99.7866439819336,CVS
2021-12-21,101.44000244140625,100.41999816894531,100.79000091552734,100.79000091552734,5040000.0,100.25414276123047,CVS
2021-12-22,101.31999969482422,100.02999877929688,100.76000213623047,100.9000015258789,4318200.0,100.36356353759766,CVS
2021-12-23,101.87000274658203,101.06999969482422,101.06999969482422,101.30999755859375,3111000.0,100.77137756347656,CVS
2021-12-27,102.41999816894531,101.55999755859375,101.76000213623047,102.4000015258789,2596600.0,101.85558319091797,CVS
2021-12-28,103.25,102.36000061035156,102.5,102.7699966430664,2732400.0,102.22361755371094,CVS
2021-12-29,103.83999633789062,103.02999877929688,103.0999984741211,103.69999694824219,2782500.0,103.14866638183594,CVS
2021-12-30,104.55999755859375,103.44999694824219,103.98999786376953,103.68000030517578,2484500.0,103.12877655029297,CVS
2021-12-31,103.76000213623047,103.12999725341797,103.4800033569336,103.16000366210938,3251600.0,102.6115493774414,CVS
2022-01-03,104.33999633789062,102.30000305175781,102.80999755859375,104.16000366210938,4951000.0,103.60623168945312,CVS
2022-01-04,105.44000244140625,103.80000305175781,104.44999694824219,104.29000091552734,6089800.0,103.73553466796875,CVS
2022-01-05,106.5,104.31999969482422,104.31999969482422,105.80999755859375,6957500.0,105.24745178222656,CVS
2022-01-06,105.73999786376953,102.41000366210938,105.37000274658203,102.58999633789062,9847600.0,102.04457092285156,CVS
2022-01-07,104.79000091552734,101.33000183105469,102.44999694824219,104.19000244140625,6862200.0,103.63607025146484,CVS
2022-01-10,105.22000122070312,103.19000244140625,104.20999908447266,105.05999755859375,6105500.0,104.5014419555664,CVS
2022-01-11,107.26000213623047,105.26000213623047,106.06999969482422,106.04000091552734,8694200.0,105.47623443603516,CVS
2022-01-12,106.44999694824219,105.08999633789062,105.47000122070312,105.77999877929688,4933700.0,105.21761322021484,CVS
2022-01-13,105.97000122070312,104.18000030517578,105.25,105.33999633789062,6511000.0,104.77995300292969,CVS
2022-01-14,106.47000122070312,105.02999877929688,105.70999908447266,106.22000122070312,6706700.0,105.6552734375,CVS
2022-01-18,106.13999938964844,104.0199966430664,105.80000305175781,104.51000213623047,8109300.0,103.9543685913086,CVS
2022-01-19,105.76000213623047,103.41999816894531,104.94999694824219,103.44999694824219,7286600.0,102.9000015258789,CVS
2022-01-20,103.88999938964844,102.23999786376953,102.66000366210938,102.38999938964844,6694700.0,102.38999938964844,CVS
2022-01-21,103.41999816894531,101.0,102.93000030517578,101.55999755859375,7822800.0,101.55999755859375,CVS
2022-01-24,104.06999969482422,99.69000244140625,100.9000015258789,103.51000213623047,13768700.0,103.51000213623047,CVS
2022-01-25,103.41000366210938,100.9000015258789,102.47000122070312,103.0999984741211,7472300.0,103.0999984741211,CVS
2022-01-26,105.31999969482422,103.23999786376953,103.5999984741211,104.86000061035156,10827900.0,104.86000061035156,CVS
2022-01-27,107.61000061035156,105.0,105.37999725341797,106.79000091552734,12385100.0,106.79000091552734,CVS
2022-01-28,109.33999633789062,106.16000366210938,106.68000030517578,109.2699966430664,10339500.0,109.2699966430664,CVS
2022-01-31,108.5,105.43000030517578,108.22000122070312,106.51000213623047,8540100.0,106.51000213623047,CVS
2022-02-01,107.18000030517578,105.20999908447266,106.2699966430664,106.2699966430664,7040200.0,106.2699966430664,CVS
2022-02-02,109.06999969482422,105.62999725341797,105.81999969482422,108.9000015258789,8771800.0,108.9000015258789,CVS
2022-02-03,110.1500015258789,108.22000122070312,109.94999694824219,108.72000122070312,6612800.0,108.72000122070312,CVS
2022-02-04,109.5199966430664,107.1500015258789,107.58000183105469,108.48999786376953,5473000.0,108.48999786376953,CVS
2022-02-07,109.81999969482422,107.91000366210938,108.98999786376953,109.41000366210938,5450500.0,109.41000366210938,CVS
2022-02-08,111.25,108.87999725341797,108.88999938964844,110.83000183105469,7793400.0,110.83000183105469,CVS
2022-02-09,108.2699966430664,104.12000274658203,106.45999908447266,104.79000091552734,15269800.0,104.79000091552734,CVS
2022-02-10,106.63999938964844,104.45999908447266,104.5999984741211,105.31999969482422,8605700.0,105.31999969482422,CVS
2022-02-11,106.13999938964844,104.08000183105469,105.48999786376953,104.23999786376953,5923100.0,104.23999786376953,CVS
2022-02-14,104.1500015258789,102.02999877929688,104.06999969482422,103.0,7663400.0,103.0,CVS
2022-02-15,104.5199966430664,102.52999877929688,103.86000061035156,102.97000122070312,4441300.0,102.97000122070312,CVS
2022-02-16,104.23999786376953,102.83000183105469,103.05000305175781,103.94000244140625,5623900.0,103.94000244140625,CVS
2022-02-17,103.94000244140625,102.05999755859375,103.6500015258789,102.30000305175781,4635600.0,102.30000305175781,CVS
2022-02-18,102.98999786376953,101.22000122070312,102.55000305175781,102.12999725341797,4850700.0,102.12999725341797,CVS
2022-02-22,102.77999877929688,101.02999877929688,102.16000366210938,101.91999816894531,4776700.0,101.91999816894531,CVS
2022-02-23,103.4800033569336,101.97000122070312,102.54000091552734,102.23999786376953,4947700.0,102.23999786376953,CVS
2022-02-24,100.94999694824219,98.45999908447266,100.26000213623047,100.7699966430664,7055300.0,100.7699966430664,CVS
2022-02-25,104.86000061035156,101.19000244140625,101.4000015258789,104.30000305175781,6573400.0,104.30000305175781,CVS
2022-02-28,103.7300033569336,101.29000091552734,101.29000091552734,103.6500015258789,6678100.0,103.6500015258789,CVS
2022-03-01,103.5,100.95999908447266,103.20999908447266,102.05000305175781,5642900.0,102.05000305175781,CVS
2022-03-02,105.02999877929688,101.94999694824219,103.01000213623047,104.43000030517578,5031700.0,104.43000030517578,CVS
2022-03-03,105.70999908447266,103.4800033569336,104.48999786376953,104.54000091552734,5741900.0,104.54000091552734,CVS
2022-03-04,105.27999877929688,102.06999969482422,102.70999908447266,105.19000244140625,5347300.0,105.19000244140625,CVS
2022-03-07,106.80999755859375,103.73999786376953,104.48999786376953,104.55999755859375,6424200.0,104.55999755859375,CVS
2022-03-08,105.87000274658203,102.25,105.06999969482422,102.36000061035156,6801100.0,102.36000061035156,CVS
2022-03-09,104.93000030517578,102.37000274658203,104.54000091552734,103.5999984741211,4936900.0,103.5999984741211,CVS
2022-03-10,104.26000213623047,102.56999969482422,103.0999984741211,104.08000183105469,3595000.0,104.08000183105469,CVS
2022-03-11,105.18000030517578,103.38999938964844,104.16999816894531,103.47000122070312,4799000.0,103.47000122070312,CVS
2022-03-14,104.58999633789062,101.08999633789062,103.93000030517578,104.48999786376953,5750300.0,104.48999786376953,CVS
2022-03-15,107.44999694824219,104.58999633789062,105.0,106.9800033569336,6845100.0,106.9800033569336,CVS
2022-03-16,107.31999969482422,105.5,107.0,107.11000061035156,5183000.0,107.11000061035156,CVS
2022-03-17,108.63999938964844,105.72000122070312,106.6500015258789,108.55999755859375,5583100.0,108.55999755859375,CVS
2022-03-18,108.62000274658203,106.55000305175781,108.5,107.30000305175781,7129700.0,107.30000305175781,CVS
2022-03-21,109.69000244140625,106.87000274658203,107.77999877929688,107.38999938964844,4673800.0,107.38999938964844,CVS
2022-03-22,108.19999694824219,106.33000183105469,108.0,107.2300033569336,3305700.0,107.2300033569336,CVS
2022-03-23,107.7699966430664,106.1500015258789,107.4800033569336,106.19999694824219,3182400.0,106.19999694824219,CVS
2022-03-24,108.06999969482422,106.05999755859375,106.4000015258789,108.05000305175781,3618100.0,108.05000305175781,CVS
2022-03-25,108.87000274658203,107.33999633789062,107.75,108.55999755859375,3788800.0,108.55999755859375,CVS
2022-03-28,108.25,106.91999816894531,108.0,108.04000091552734,3774400.0,108.04000091552734,CVS
2022-03-29,107.29000091552734,103.91000366210938,106.79000091552734,104.68000030517578,8510700.0,104.68000030517578,CVS
2022-03-30,105.36000061035156,102.31999969482422,104.0999984741211,103.55000305175781,7971600.0,103.55000305175781,CVS
2022-03-31,102.7699966430664,101.18000030517578,102.0,101.20999908447266,8521100.0,101.20999908447266,CVS
2022-04-01,102.19000244140625,100.30000305175781,101.20999908447266,101.08999633789062,6344300.0,101.08999633789062,CVS
2022-04-04,100.54000091552734,98.66000366210938,100.48999786376953,100.0,6951500.0,100.0,CVS
2022-04-05,101.27999877929688,99.18000030517578,99.33999633789062,99.45999908447266,7124900.0,99.45999908447266,CVS
2022-04-06,102.29000091552734,99.69000244140625,99.97000122070312,102.05999755859375,6590200.0,102.05999755859375,CVS
2022-04-07,103.98999786376953,101.2699966430664,101.95999908447266,103.61000061035156,5731600.0,103.61000061035156,CVS
2022-04-08,107.5199966430664,103.55999755859375,104.4000015258789,106.61000061035156,7756100.0,106.61000061035156,CVS
2022-04-11,107.7300033569336,104.16999816894531,106.36000061035156,104.44999694824219,6368600.0,104.44999694824219,CVS
2022-04-12,105.02999877929688,103.76000213623047,104.4000015258789,104.63999938964844,4127900.0,104.63999938964844,CVS
2022-04-13,105.80000305175781,103.19999694824219,104.4000015258789,104.9800033569336,3768300.0,104.9800033569336,CVS
2022-04-14,105.75,103.61000061035156,105.30999755859375,103.68000030517578,5134800.0,103.68000030517578,CVS
2022-04-18,104.48999786376953,102.9800033569336,103.37999725341797,103.41999816894531,3003400.0,103.41999816894531,CVS
2022-04-19,104.41000366210938,102.94999694824219,103.5999984741211,103.86000061035156,3615300.0,103.86000061035156,CVS
2022-04-20,107.5999984741211,104.58000183105469,104.9000015258789,106.63999938964844,5629800.0,106.63999938964844,CVS
2022-04-21,106.4000015258789,104.87000274658203,106.0999984741211,105.18000030517578,3386100.0,105.18000030517578,CVS
2022-04-22,104.30999755859375,101.56999969482422,104.2699966430664,101.68000030517578,5779200.0,101.68000030517578,CVS
2022-04-25,102.38999938964844,99.20999908447266,101.83999633789062,101.7699966430664,4957500.0,101.7699966430664,CVS
2022-04-26,102.91000366210938,101.04000091552734,101.11000061035156,101.43000030517578,3929000.0,101.43000030517578,CVS
2022-04-27,102.33000183105469,99.73999786376953,101.20999908447266,100.8499984741211,4730800.0,100.8499984741211,CVS
2022-04-28,102.5999984741211,100.37000274658203,101.73999786376953,100.8499984741211,5907500.0,100.8499984741211,CVS
2022-04-29,100.44000244140625,95.88999938964844,100.27999877929688,96.12999725341797,8769400.0,96.12999725341797,CVS
2022-05-02,97.31999969482422,95.0199966430664,96.44999694824219,96.5,6520200.0,96.5,CVS
2022-05-03,97.7300033569336,95.93000030517578,97.11000061035156,95.9800033569336,5894400.0,95.9800033569336,CVS
2022-05-04,101.20999908447266,95.52999877929688,96.77999877929688,100.56999969482422,9361200.0,100.56999969482422,CVS
2022-05-05,100.61000061035156,96.5,100.61000061035156,97.7300033569336,8236300.0,97.7300033569336,CVS
2022-05-06,100.93000030517578,97.19000244140625,97.30999755859375,100.69000244140625,8219200.0,100.69000244140625,CVS
2022-05-09,100.1500015258789,98.37000274658203,99.58000183105469,98.86000061035156,7147000.0,98.86000061035156,CVS
2022-05-10,100.0999984741211,97.72000122070312,99.41000366210938,98.16000366210938,5221800.0,98.16000366210938,CVS
2022-05-11,99.87000274658203,97.87999725341797,98.23999786376953,97.98999786376953,4667200.0,97.98999786376953,CVS
2022-05-12,98.26000213623047,96.29000091552734,97.44000244140625,98.25,4919400.0,98.25,CVS
2022-05-13,98.62000274658203,96.58000183105469,98.41000366210938,97.4800033569336,4502300.0,97.4800033569336,CVS
2022-05-16,99.3499984741211,97.08000183105469,98.0,98.55000305175781,3438600.0,98.55000305175781,CVS
2022-05-17,99.52999877929688,97.91999816894531,98.88999938964844,99.37999725341797,4160200.0,99.37999725341797,CVS
2022-05-18,98.43000030517578,92.93000030517578,98.43000030517578,94.0199966430664,8246800.0,94.0199966430664,CVS
2022-05-19,93.68000030517578,91.47000122070312,93.02999877929688,93.13999938964844,7000000.0,93.13999938964844,CVS
2022-05-20,95.2300033569336,92.73999786376953,93.27999877929688,94.93000030517578,5193300.0,94.93000030517578,CVS
2022-05-23,97.06999969482422,94.9800033569336,96.0,95.56999969482422,6136200.0,95.56999969482422,CVS
2022-05-24,97.01000213623047,94.79000091552734,96.0999984741211,96.44999694824219,3959200.0,96.44999694824219,CVS
2022-05-25,98.04000091552734,96.52999877929688,97.05000305175781,97.1500015258789,3603600.0,97.1500015258789,CVS
2022-05-26,98.87000274658203,97.62999725341797,97.83999633789062,97.80000305175781,4779100.0,97.80000305175781,CVS
2022-05-27,98.0999984741211,95.76000213623047,96.44999694824219,98.05000305175781,4318000.0,98.05000305175781,CVS
